,Unnamed: 0,M_ki,M_kf,delta_k_t,ki_t,xi,zeta
0,0,0.2903655407963306,0.0098999999460015,1.0020180155403615,0.3053151330596896,0.168353600857662,0.5105653069816833
1,1,0.4401442978370095,0.0098999999457958,1.300559936428146,0.4169234870494911,0.211272417374828,0.3355302860927343
2,2,0.3198446045437339,0.0098999999466412,0.1828391313891615,0.1156100012803007,0.1433226821256564,0.528316117184474
3,3,0.9006603390286487,0.0055999997999846,0.2216842365702196,0.8305080992019443,0.2497488476358798,0.3889701445362039
4,4,0.2499411019900296,0.0055999997998659,0.9627647060697316,0.1115356337398269,0.1609249142014936,0.4300026483056783
5,5,0.8960875272305603,0.0055999998005199,0.6692919726892748,0.6047654905100721,0.1941152197881951,0.5671008481030247
6,6,0.5581690522461461,0.0055999998006461,0.9061728467821174,0.3874281385864137,0.0859054144215838,0.4303035106217957
7,7,0.5581690522461461,0.0055999998006461,2.144412514522729,0.3874281385864137,0.0859054144215838,0.2411691003311425
8,8,0.7481076019019984,0.005599999802542,0.4874412967866563,0.668454014407547,0.3496131557668157,0.4985824009333796
9,9,0.9439173343632276,0.0055999997998693,0.9813594214844116,0.6725034328973301,0.3035638044710404,0.4127189431334966
10,10,0.7010125251012997,0.0055999998002894,0.5234774315190963,0.6918848867720704,0.1541954321170258,0.4910595548266652
11,11,0.7010125251012997,0.0055999998002894,1.9745594261034736,0.6918848867720704,0.1541954321170258,0.2106980403955372
12,12,0.1053561596633071,0.0055999997994533,1.0494883185014732,0.2863493105929869,0.1967123280709242,0.3148452052471052
13,13,0.4557487800731069,0.0055999998000626,0.6708249548999236,0.2012038093853834,0.4822284290776539,0.3326831713588201
14,14,0.8235658152528117,0.0055999998009387,2.2462831889544765,0.785618335299896,0.1981804959289398,0.2492410559058362
15,15,0.548096903423037,0.0055999997999214,1.4004333035341912,0.4635845702051835,0.2915044617197144,0.3147576714605669
16,16,0.9654341906278144,0.0055999998010787,0.4246097471620919,0.8422594820604895,0.2554894108504945,0.384749978306671
17,17,0.9002677447846105,0.0055999997996958,2.4891682763395737,0.8140610383869874,0.2857027468897752,0.2980446601804937
18,18,0.9650914979996372,0.0055999997996773,3.072793018833661,0.8300076923416569,0.3493077271853709,0.1894285949903523
19,19,0.9650914979996372,0.0055999997996773,0.5372765947784867,0.8300076923416569,0.3493077271853709,0.2629448761547542
20,20,0.5233283240212403,0.0098999999461802,1.2671907719594306,0.4717509715199742,0.2481021312111564,0.3691611699961068
21,21,0.8976660818318547,0.0055999998003613,1.1915059100857182,0.8133108325162984,0.2829039881488156,0.2460816184693834
22,22,0.9846344585240552,0.0055999998007528,0.7522119754683596,0.7377469802730041,0.2315373225486206,0.37465321995754
23,23,0.9846344585240552,0.0055999998007528,0.4249862153601616,0.7377469802730041,0.2315373225486206,0.4089967094186424
24,24,0.6988069536887315,0.0055999998005025,0.6385262324479344,0.5671810365599548,0.3348038780454589,0.477657067340016
25,25,0.6850013308124661,0.005599999800268,0.7618929068406413,0.1519215319440182,0.1790466278504697,0.4923471660923363
26,26,0.1519552439609784,0.0055999998004455,0.7821178460962087,0.272299860145294,0.1619046238956413,0.3067508765188969
27,27,0.2236097565183616,0.0055999998010923,0.7887328596831648,0.3293159672037933,0.1942836249846878,0.4559641327751301
28,28,0.5765445531155927,0.0055999998002423,1.4938856330729766,0.5793039849746757,0.2252675049273661,0.3554001673244505
29,29,0.5765445531155927,0.0055999998002423,0.1211898512726413,0.5793039849746757,0.2252675049273661,0.2457232609685819
30,30,0.7874710261474249,0.0055999997999561,0.2542060735480137,0.173511274403233,0.1549668143603334,0.6676934462236161
31,31,0.457498532332576,0.0055999998000279,1.146644078120217,0.4577181015309509,0.3804459200891551,0.3441982492309057
32,32,1.1194286107189495,0.005599999800282,0.759401519905196,0.657395641913459,0.3385876406871699,0.4587831581547808
33,33,1.0761589185701608,0.0055999997995013,0.5970796994286788,0.9503022138593984,0.2927269239226555,0.3651697108572201
34,34,0.8789717288074916,0.0055999997996921,0.6309615704605173,0.6737682721619798,0.3854735988126837,0.2057794522619428
35,35,0.3620504042166346,0.0055999997998693,1.045987698172811,0.3349643805097917,0.258217328447,0.4521962123469819
36,36,0.7488225673628182,0.0098999999465289,0.1969508954291842,0.6931542936726707,0.1836772325140623,0.2641261837618039
37,37,0.6221915023647205,0.0055999998000094,1.2146023403035269,0.5734144602339174,0.3619433238871867,0.3318879650986767
38,38,0.297955805785837,0.0055999997995472,0.4708957024963982,0.1228196030344117,0.2526266952593431,0.2231842552449312
39,39,0.8377593653711948,0.0055999997996361,1.3207418896350631,0.5579655858073568,0.1437052938783939,0.393523143102838
40,40,0.9695537751202268,0.0055999998003613,0.3077514830371951,0.8723047068986595,0.2127802160023431,0.3857346071893944
41,41,0.588217323881421,0.0098999999450724,0.8890230120809879,0.5653339585241615,0.1421424248510612,0.1570891333428114
42,42,0.588217323881421,0.0098999999450724,3.6730746568826462,0.5653339585241615,0.1421424248510612,0.1801986652346348
43,43,0.4828446097867388,0.0055999998022397,0.8222362186805989,0.5103455356818468,0.1941923358874596,0.4489562945428749
44,44,0.2456283705312494,0.005599999800224,0.840608990257647,0.2086282502749015,0.3322509097936971,0.5886955162777608
45,45,0.2935633643596784,0.0055999998001591,0.9593406140792944,0.1575440648124485,0.3099637109277939,0.4095172460362486
46,46,0.7408059896393591,0.0055999997998111,0.294294335530413,0.7286965759344981,0.1400078525590934,0.3690772521291488
47,47,0.7408059896393591,0.0055999997998111,0.5795826684458885,0.7286965759344981,0.1400078525590934,0.2224200983715036
48,48,0.6022324154582538,0.0055999998001023,0.3553831640028504,0.3084857470748522,0.1766881574593121,0.9120163955169396
49,49,0.7999336233978483,0.0098999999465475,0.2613005437855064,0.6999149893361478,0.2579767448968332,0.3289717726571315
50,50,0.7999336233978483,0.0098999999465475,3.1260027703030544,0.6999149893361478,0.2579767448968332,0.4086757518997326
51,51,0.7405981364742972,0.0055999998002184,0.4243404928140586,0.3203812143026408,0.2825797667039103,0.6630482587865565
52,52,0.3285170129526666,0.0055999998001267,1.1096393059734109,0.0820912404950235,0.2859083789097373,0.4897828322525647
53,53,0.3285170129526666,0.0055999998001267,0.5737184657802836,0.0820912404950235,0.2859083789097373,0.3663636641442909
54,54,0.8568602488096948,0.0055999998004909,0.967769670538104,0.2755389734662808,0.2819549565151148,0.474294924290812
55,55,0.8568602488096948,0.0055999998004909,1.275766514155095,0.2755389734662808,0.2819549565151148,0.5365630457066308
56,56,1.038173640552195,0.0055999997991284,0.5444149092498111,0.9786458418984588,0.1747615947196864,0.4676216192709171
57,57,0.7028523336094589,0.005599999800593,0.6897208454163578,0.6628028115718249,0.2797418978376945,0.5548967084099714
58,58,0.870405806515582,0.0098999999463298,0.5195051659653483,0.6766168229530635,0.1981683009661226,0.4001079234290164
59,59,0.3342079970885126,0.0098999999458693,0.498263836881205,0.334012065684572,0.1982175548761768,0.2975758324627857
60,60,1.0099749956105135,0.0098999999460495,0.6754773814432393,0.7570833953476706,0.4084135094743966,0.3145282621468721
61,61,0.6206469933424481,0.0055999998030154,3.8451078938410426,0.620289390849643,0.1841347192852481,0.2133345614374507
62,62,0.6767468147744916,0.0055999998007492,0.5697992354764363,0.61234667036906,0.2243311746358558,0.6297121942938084
63,63,0.6767468147744916,0.0055999998007492,2.1224441262477063,0.61234667036906,0.2243311746358558,0.1747699731438373
64,64,0.5621248868387316,0.0098999999465496,0.2976299237839202,0.5067782446756336,0.2424397891115745,0.4339241480891005
65,65,0.7579126015396092,0.009899999946613,0.9421420702024932,0.5240593873670021,0.1352453695101749,0.5124122478070133
66,66,0.7579126015396092,0.009899999946613,0.9708352269120556,0.5240593873670021,0.1352453695101749,0.2502176815553273
67,67,0.1650285436731895,0.0055999998013579,0.9368196824725468,0.1991612460452703,0.153015871536153,0.5560937132172562
68,68,0.5056081294783403,0.0098999999460985,0.5819518367222126,0.4237435761958569,0.3114138643120414,0.3527975794509411
69,69,0.7072425394174323,0.0055999997999102,0.6967477615805171,0.6569627122414127,0.3055475731787705,0.5018922274421247
70,70,0.3622872565613005,0.0098999999454541,1.0008542638802471,0.3007651541982832,0.3199542324101054,0.204880106364328
71,71,0.3622872565613005,0.0098999999454541,2.6712698728884114,0.3007651541982832,0.3199542324101054,0.2246535426611495
72,72,0.5937986595411974,0.0055999997978979,1.036428868322122,0.6013784538238512,0.1494579493910138,0.3314674116303893
73,73,1.0172648622952023,0.005599999800044,1.177126230258657,0.921768157541898,0.2581605328565597,0.4272657172019327
74,74,0.4067467226085169,0.0055999997998222,1.5448339643347908,0.4526936194129016,0.1758980334697367,0.1927743838402777
75,75,0.4067467226085169,0.0055999997998222,0.4677779226925187,0.4526936194129016,0.1758980334697367,0.2640714956513472
76,76,0.2567528125758122,0.0055999997982261,2.8296321577239354,0.1678867788572002,0.2311745252408237,0.1733104722417479
77,77,0.764492618862676,0.0098999999457439,0.9112011258786428,0.4549122173017273,0.5067292683155522,0.3244085432865592
78,78,0.3919042740991854,0.0055999998001573,1.0870968065058748,0.4399705800595939,0.2850814020974543,0.593848602552681
79,79,0.2242756084153547,0.0055999998002609,0.646938737320686,0.2558225374745063,0.1582475586207887,0.4502639389713733
80,80,0.2274852213089247,0.0055999998011404,1.9437048502141123,0.1698222546534888,0.186422762959751,0.1964862965563578
81,81,0.2274852213089247,0.0055999998011404,1.9245781827637225,0.1698222546534888,0.186422762959751,0.2265173370488609
82,82,1.1014846246097183,0.0055999998007578,1.3596777867206422,0.630726811156744,0.6549325435986362,0.2801100177689403
83,83,0.0533795288420364,0.0055999997999821,0.1613932625364896,0.2782764747987081,0.2365623770473262,0.5460257170103793
84,84,0.7754771252755412,0.0055999998010204,1.2462389513860326,0.3518541193070809,0.1248173630506995,0.6013272187425357
85,85,0.1724161854133871,0.0055999998000987,3.3086215311490887,0.1159743102647647,0.0866663092052049,0.2017969783669204
86,86,0.1724161854133871,0.0055999998000987,0.7144358661830054,0.1159743102647647,0.0866663092052049,0.2948407237190661
87,87,0.1724161854133871,0.0055999998000987,0.9121087616973668,0.1159743102647647,0.0866663092052049,0.1778322857381466
88,88,0.8855390569169658,0.0055999998003018,0.2386439885707363,0.7823251042057048,0.3266698019944252,0.4125661323807154
89,89,0.8452720328433858,0.0055999998006072,2.6552473960300764,0.7875128631534469,0.1643751504516921,0.2122156627936818
90,90,0.8452720328433858,0.0055999998006072,1.3178488078631965,0.7875128631534469,0.1643751504516921,0.2213143411272193
91,91,0.9806488695363758,0.0055999997996426,1.1873313649069497,0.7642235092165224,0.4596370331089852,0.2297390727311021
92,92,0.9806488695363758,0.0055999997996426,2.396425384803597,0.7642235092165224,0.4596370331089852,0.2096124175205888
93,93,1.0945990423409138,0.0055999997996475,0.3881759740604483,0.8585457921183852,0.4421924552514496,0.6595597108268615
94,94,1.0945990423409138,0.0055999997996475,2.9022767360697417,0.8585457921183852,0.4421924552514496,0.2406425361637629
95,95,0.9356325542216546,0.0055999997987653,1.7814771842951698,0.858056632772021,0.2518840714579601,0.3959854837491434
96,96,1.001752991916455,0.0055999997998514,0.595813297054405,0.5308186418692484,0.2558132591574469,0.5925619146677806
97,97,0.7795346047883824,0.0055999998008272,2.1640546783489283,0.5417756009401768,0.4417860158579975,0.2649575367146979
98,98,0.0998745782385958,0.0098999999462936,1.7921444523338002,0.1125083307119384,0.1184792662941267,0.2280033120645099
99,99,0.8604901938707472,0.0055999998004257,0.785149079135269,0.7384297841005096,0.278682243626395,0.39322535081536
100,100,0.8604901938707472,0.0055999998004257,1.931080968841067,0.7384297841005096,0.278682243626395,0.3584675759349782
101,101,0.286336191263407,0.0055999998002914,1.154419857430908,0.2804632187430545,0.2465140090973347,0.5409207636290794
102,102,0.286336191263407,0.0055999998002914,2.303874219291203,0.2804632187430545,0.2465140090973347,0.376699164772577
103,103,0.8441962502810825,0.0055999998010105,1.3868433378563272,0.7907888436708252,0.2337293352051118,0.3111212351738006
104,104,0.382528702573461,0.0055999997999784,0.6150094969325332,0.4372843306866077,0.2409392220568437,0.4190308862000592
105,105,0.4843581222887037,0.0055999998004901,0.5100414834202568,0.471852461492027,0.3873605535890311,0.5246377571232137
106,106,0.403118068362005,0.0055999998019845,0.7431177304695349,0.4479896998399877,0.2782877099612181,0.5206400572923903
107,107,0.1849054712918069,0.0055999997991723,1.167278893949944,0.2466570969537147,0.3146297656003815,0.3601130120956385
108,108,0.1849054712918069,0.0055999997991723,1.1627169641570914,0.2466570969537147,0.3146297656003815,0.1817184555311129
109,109,0.5294987178202998,0.0055999997998453,1.2922632754031855,0.1743093152677476,0.101793225474327,0.3471952563661731
110,110,0.9174691022080828,0.0055999998004901,1.5411042991229,0.8345887495744548,0.2710912610543947,0.1965049764650838
111,111,0.9174691022080828,0.0055999998004901,1.88972454108071,0.8345887495744548,0.2710912610543947,0.3291722418403314
112,112,0.8361209145542705,0.0055999997996921,0.8751355681851709,0.6769653540959375,0.4426659982704083,0.5189510691268053
113,113,0.6360026769974035,0.0055999998001159,1.6945012497101868,0.5935467731367184,0.1850657635608114,0.2106025405810153
114,114,0.6360026769974035,0.0055999998001159,1.7680654903624078,0.5935467731367184,0.1850657635608114,0.2571256669793677
115,115,0.1755311535812007,0.0055999997997115,1.4205906149616971,0.2157721901363626,0.0896784523509838,0.2799211890343882
116,116,0.6832839679271242,0.0055999997995757,2.02822000652761,0.5992168771631552,0.2617348241567709,0.2743821810861735
117,117,0.8340379146056834,0.0055999998012652,1.2934788003757445,0.163179877045107,0.2791754545942361,0.4117648632020629
118,118,0.2772999309733756,0.0055999997993062,0.7083427056490184,0.1735708841637868,0.2974373431563347,0.5400058327236116
119,119,0.4443146834391057,0.0055999998013599,1.962911360770905,0.4335254315981647,0.4201982495492827,0.3004388236510154
120,120,0.9285977234432612,0.0055999997999722,0.4412463256857098,0.4925905076434743,0.2573705496687737,0.736423481052213
121,121,0.364284874969828,0.0055999997998468,0.6708732264520708,0.3054055277737826,0.3154744091800646,0.399066734874403
122,122,0.177019269279465,0.0055999997996128,0.2636256784914771,0.3253748136152993,0.2724685595872893,0.2605467127298967
123,123,0.2145820299742928,0.0055999998004714,1.2386987996999483,0.0719084041340434,0.1022811625048654,0.3142081318884258
124,124,0.2145820299742928,0.0055999998004714,2.077362509202073,0.0719084041340434,0.1022811625048654,0.1564982609113401
125,125,0.2145820299742928,0.0055999998004714,2.8287877605571112,0.0719084041340434,0.1022811625048654,0.1676969294541064
126,126,0.5949780320153377,0.0055999998004224,0.4421519185338074,0.0668791250744269,0.1736718987766377,0.7038068691613263
127,127,0.5949780320153377,0.0055999998004224,2.0553410995095747,0.0668791250744269,0.1736718987766377,0.2505831759867452
128,128,0.4429698057565294,0.0055999998001584,1.29297272836638,0.4255327164182243,0.1912728955906595,0.2601436870618021
129,129,0.8571995431567859,0.0055999997999601,0.4269881602985235,0.7088305726254521,0.417008513960592,0.6591371876434571
130,130,0.7681872176943845,0.0055999997976452,0.929396390095872,0.7504667511741924,0.1509821122070905,0.5824793729646867
131,131,0.9570444412692848,0.0055999997993749,1.4186502097211522,0.7934330029228227,0.3973008526979605,0.3581042459210528
132,132,0.2003735945323668,0.0098999999466396,0.1412541474249816,0.1432616647593968,0.3435104388778558,0.554598853773694
133,133,0.6472070155180264,0.0055999997997268,1.7745634861060524,0.6106968318338173,0.3109155116821266,0.2464988380103797
134,134,0.3265808482928229,0.0055999997994995,0.6788861648992338,0.3994858822766141,0.2062407633369902,0.2229385996064755
135,135,0.5338997874220839,0.0055999998008172,0.9196772050169612,0.4990409246656252,0.3978699459766784,0.3695372060599399
136,136,0.5338997874220839,0.0055999998008172,1.173781453389792,0.4990409246656252,0.3978699459766784,0.3122208563027363
137,137,0.2886257859915122,0.0055999998006171,0.0417978790690686,0.3757318214069284,0.2077942295501712,0.6784864122654991
138,138,0.6960734776987445,0.005599999799194,1.6219999175668376,0.5656186657958223,0.4679553939021937,0.5508305573844962
139,139,0.4166878985926682,0.0055999998001283,0.9169296113002376,0.4224989921394442,0.408030781502806,0.3200596898526996
140,140,0.8093491309111235,0.0055999997994592,0.5717564364928406,0.4878743891997477,0.1500171274054013,0.2691858521951313
141,141,0.4469445457028604,0.0055999998006562,0.2992435942444431,0.483135578143563,0.2079481605830214,0.5145644316036999
142,142,0.4336964948475466,0.005599999800671,0.9001813253172399,0.4712806474076856,0.2513988112516215,0.6534387446763733
143,143,0.6924698329067482,0.0055999998002795,0.5729659243619307,0.6228116165162279,0.3618106851854887,0.609693173144454
144,144,0.6924698329067482,0.0055999998002795,2.717709458185493,0.6228116165162279,0.3618106851854887,0.3054461066987284
145,145,0.5582963863172844,0.0055999997999127,0.8520720506714092,0.5332846592064762,0.1618765785570558,0.4084445886776517
146,146,0.6502628244025445,0.005599999799383,0.4962486311181338,0.2513339082374857,0.2343750623960867,0.3679988526503036
147,147,0.6502628244025445,0.005599999799383,2.6783302108555853,0.2513339082374857,0.2343750623960867,0.1992437871283618
148,148,0.6502628244025445,0.005599999799383,0.1063937052121154,0.2513339082374857,0.2343750623960867,0.3239576557149258
149,149,0.4670345436395944,0.0055999997995682,0.7070167595066009,0.4983923847446145,0.1825194000272778,0.7394695836600417
150,150,0.7650934975141697,0.0055999998002869,0.6731050841473549,0.6190802971611817,0.4566707244402488,0.5165922980149348
151,151,0.3451416506053094,0.00559999979965,1.1016530904555646,0.4074909553280432,0.1700604544002321,0.4092797974695111
152,152,0.6080871993583723,0.009899999947119,0.7259314008462994,0.5162303856448706,0.2979050092955494,0.5522050320262697
153,153,0.8965919937578458,0.0055999997997859,0.1509629354208184,0.7350348358420093,0.1752282795638942,0.5809638738574116
154,154,0.1811006000279852,0.009899999946448,0.7256619460332947,0.1057693846961025,0.3559369814588347,0.5522258954201924
155,155,0.4109295709109298,0.005599999800615,0.7529971459097395,0.4272413168008286,0.3869018317347877,0.5329320475081224
156,156,0.4109295709109298,0.005599999800615,1.366608156437334,0.4272413168008286,0.3869018317347877,0.2532791675350714
157,157,0.3183715612125499,0.0055999997995571,1.0949769488458605,0.3200276340108875,0.2032331516316191,0.3420556256349081
158,158,0.5616670145565885,0.1990000009536731,0.7090391214442642,0.1551247778245454,0.1575873773675298,0.3357811428649968
159,159,0.6225320191115069,0.0055999998000874,1.0521672376564477,0.4706751183036599,0.5325540594781017,0.2111758034925115
160,160,0.2404338772126366,0.0055999998002232,0.6950707757371183,0.3527465070013277,0.2475524650358397,0.5983550477085197
161,161,0.8225668942698067,0.0055999998008866,1.0627038689604138,0.732744241813271,0.3304362721126275,0.4551268396723306
162,162,0.3127905511109156,0.0055999997998972,2.221755719265111,0.3283649739142938,0.1043710320865056,0.2262101266453188
163,163,0.6575225934299419,0.0055999998001159,1.5140283629643942,0.6154837633723512,0.3184925313309127,0.4089442278807997
164,164,0.1315661107595336,0.0055999997997114,0.4951063970279563,0.1700440598258765,0.2521724934093854,0.5912762946435361
165,165,0.1908506453369043,0.0055999998015762,0.8119471957651452,0.243211076750266,0.349467157887247,0.2253505073126589
166,166,0.0517373969915923,0.0055999997995545,0.9840155664056768,0.1432940142213639,0.1838320151671019,0.4859360462683876
167,167,0.6974225577309175,0.0055999998000044,0.6949810329135886,0.5754128973459047,0.4544274661440091,0.3619409733949129
168,168,0.1445094217273633,0.009899999946268,0.5996863928242199,0.1660100084869886,0.2727115502073324,0.423631182261714
169,169,0.3256967108484626,0.0055999998001759,1.0801286467003703,0.0349997389557183,0.2481847063005621,0.3226331147562443
170,170,0.6014388378081285,0.0098999999461728,0.8356011828091594,0.5096047525575087,0.2998696635495034,0.2094622875353985
171,171,1.3725565917369256,0.0055999998000242,2.0192706058386967,1.191904266407831,0.2904663313480196,0.3003499819767079
172,172,1.3725565917369256,0.0055999998000242,0.7177986317363627,1.191904266407831,0.2904663313480196,0.3636041184794837
173,173,0.4325529614711189,0.0098999999464101,0.6345448640504194,0.2088139183527233,0.2241811773830536,0.5524402490455381
174,174,0.4034039531973664,0.0055999998027886,0.6810453041375675,0.4072619698596564,0.1057185388485802,0.2493111572024474
175,175,0.4034039531973664,0.0055999998027886,2.296348250827356,0.4072619698596564,0.1057185388485802,0.1983777112531022
176,176,0.4034039531973664,0.0055999998027886,0.6932999496035255,0.4072619698596564,0.1057185388485802,0.1631848271639926
177,177,0.1964809738020479,0.0055999998009971,0.619073648674048,0.3030229743872605,0.4365332781896803,0.2503908886640729
178,178,0.1964809738020479,0.0055999998009971,1.7612524488608177,0.3030229743872605,0.4365332781896803,0.2643265056912244
179,179,0.6697711104736144,0.0055999998005254,0.3267881881607469,0.2374289545273057,0.1863211901442439,0.7148952528195014
180,180,0.601542188474006,0.005599999800272,1.2021842043555129,0.5843451145265021,0.2880676096829712,0.3844899440325189
181,181,0.601542188474006,0.005599999800272,2.5511690798177704,0.5843451145265021,0.2880676096829712,0.2440287517967645
182,182,0.601542188474006,0.005599999800272,0.3241621651888737,0.5843451145265021,0.2880676096829712,0.2485848558286303
183,183,0.1634647215087111,0.0055999997982361,1.15952096031074,0.2282258955038739,0.1988517732208933,0.2870357276215371
184,184,0.1634647215087111,0.0055999997982361,0.607472957981389,0.2282258955038739,0.1988517732208933,0.3168256958403548
185,185,0.2158589090289734,0.0055999998002299,1.1020630659586397,0.2288158273080937,0.3150727166701952,0.4755148934926496
186,186,0.8607141516622313,0.0055999998002745,0.9675029015967704,0.5042276425347542,0.1328384658110581,0.5509012945469265
187,187,0.8607141516622313,0.0055999998002745,1.1385049681674515,0.5042276425347542,0.1328384658110581,0.3182094044246019
188,188,0.2204591259274939,0.0055999998007838,0.5583260560582476,0.2196266520119548,0.2770357699014165,0.2140233045960105
189,189,0.7026501755787817,0.0055999998009585,0.6573284497580671,0.613968958083739,0.2646717311306151,0.4911092791481988
190,190,0.4244350087160274,0.005599999800593,0.8570030740919047,0.416406757419642,0.1658776203159552,0.293307774414386
191,191,0.8245443114848475,0.009899999946449,0.9201301483737092,0.7620554596777321,0.1794518892787299,0.2255205190746397
192,192,0.5867133760695641,0.0055999998007751,0.9046358686781508,0.5707544368664809,0.1152801353844419,0.2843411093387338
193,193,0.2874276463076901,0.0055999998002355,2.55265845823794,0.2924120535968234,0.214991683223725,0.2028152163563287
194,194,0.2874276463076901,0.0055999998002355,0.726141814278097,0.2924120535968234,0.214991683223725,0.5236477640433689
195,195,0.5341758165626553,0.0055999998000614,0.4358728329645763,0.5502012411234779,0.1917467590102104,0.4898197835957721
196,196,0.4578315635306064,0.0055999997993774,0.551763051240297,0.4911804182946004,0.2080568130417963,0.5461142205472574
197,197,0.5813785408206515,0.0055999998002795,0.518673570889013,0.4928172469523164,0.4665228926073396,0.4175580012536934
198,198,0.5460618037951629,0.0055999998001357,1.3911926960793437,0.5044072245521045,0.4033736207891271,0.4134041567598199
199,199,0.502817120358926,0.0055999997998408,0.7997726419238341,0.524066299983325,0.2174924714658394,0.358257825321315
200,200,0.502817120358926,0.0055999997998408,0.3955000522555632,0.524066299983325,0.2174924714658394,0.3772021554959503
201,201,0.1741404321748253,0.0055999998001209,1.3360913574577944,0.20503185227107,0.1701112905923598,0.4408507526891619
202,202,0.8973825151188097,0.005599999800976,0.5916294760053952,0.7399510322437189,0.3211864398912664,0.3564821075217547
203,203,0.6307703753344874,0.0055999998002446,0.5552215798261354,0.5871525999685148,0.3428647061163136,0.450941944900504
204,204,0.5095344759284186,0.0098999999464343,0.8240276062709052,0.4817913792782662,0.192064227260296,0.3459489180507683
205,205,0.5095344759284186,0.0098999999464343,2.493544684892665,0.4817913792782662,0.192064227260296,0.2979690395243983
206,206,0.8310830732998455,0.0055999998002968,0.4345451294733786,0.4933736143906013,0.1560812265560009,0.3357851736319281
207,207,1.030923611238245,0.005599999800215,0.6764013649636499,0.8833688459882819,0.3440538292164706,0.3583233416670105
208,208,0.2597212435753325,0.0098999999458679,0.6261249555433885,0.2819171543503374,0.1648012680608445,0.4832758874189756
209,209,1.0767467744852708,0.0055999998006153,0.3924851385296538,0.496529676517857,0.208381188604698,1.041196796848291
210,210,0.5905806357434843,0.0055999998001803,0.0820426419607666,0.5996218528014784,0.098644364573751,0.6732584576224188
211,211,0.2971393520343042,0.0055999998004082,1.7455151753694849,0.3809881336269553,0.310410134031903,0.23129228542255
212,212,0.4520875230225759,0.0055999997999866,1.4990242235676126,0.4861969696583318,0.161250288426758,0.214568815245967
213,213,0.4520875230225759,0.0055999997999866,2.3926482383764243,0.4861969696583318,0.161250288426758,0.1976778738080191
214,214,0.4520875230225759,0.0055999997999866,0.1160033496459406,0.4861969696583318,0.161250288426758,0.3654978623839958
215,215,0.9353558123446272,0.0055999997996971,3.485072108601038,0.8438434611395768,0.2816447284783076,0.2752571999923067
216,216,0.4623722926774001,0.0098999999472606,0.6155113063914288,0.3679957080125271,0.341835919296348,0.3674222357255737
217,217,0.2332769237762815,0.0055999997998127,0.7417908114379366,0.1825997800177423,0.2133231530427632,0.4767689689318454
218,218,0.2332769237762815,0.0055999997998127,0.6905486642227788,0.1825997800177423,0.2133231530427632,0.2098976476494237
219,219,0.6747243864906876,0.0098999999455981,2.65920095400793,0.6230096624100248,0.1960798094074043,0.3175832307656895
220,220,0.6747243864906876,0.0098999999455981,1.049643836121599,0.6230096624100248,0.1960798094074043,0.3910683239252092
221,221,0.4625086663785164,0.0055999997990855,0.7755015605387028,0.4509623197730577,0.1574069263197509,0.4536450711426946
222,222,0.843087180010849,0.0055999998001333,0.9677909181797928,0.8139611954666361,0.1581785034571614,0.2925130198324732
223,223,0.97272994224786,0.0055999998000143,1.1012088823384607,0.534928628893671,0.2197494659160625,0.2699573917613843
224,224,0.97272994224786,0.0055999998000143,1.5440976421116446,0.534928628893671,0.2197494659160625,0.3673977764322324
225,225,0.3142960418526028,0.0055999997996615,0.8564588281635043,0.3844987432659718,0.1614111315639501,0.3135922094447543
226,226,0.6049741494451679,0.0055999998006413,1.378601464249104,0.3797475685510196,0.61362824628386,0.2808611224363225
227,227,0.8355152338492369,0.0055999998010483,1.911839423374671,0.7114993892825178,0.3877270540355342,0.3630196824466208
228,228,0.3289404049768266,0.0055999998027089,1.4789679255412012,0.1054836098865005,0.4152522976019933,0.3205812245662628
229,229,0.2496558705977609,0.0055999998000469,1.1550656817226197,0.0754765809953527,0.5487845420478782,0.3444917012125528
230,230,0.8730203778693213,0.005599999800214,1.6256093172483586,0.2892865642721941,0.6479584330116646,0.3077813790737186
231,231,0.8730203778693213,0.005599999800214,1.462821555297959,0.2892865642721941,0.6479584330116646,0.3126477096181789
232,232,0.8612661008191094,0.0055999998001319,1.559970269483563,0.0801015228974963,0.2947018679038802,0.4472347262255591
233,233,0.8612661008191094,0.0055999998001319,0.6920587930322516,0.0801015228974963,0.2947018679038802,0.4946248907197187
234,234,0.8865836008303687,0.0055999998003757,1.5442161560735366,0.685081501323528,0.1918590059910696,0.4044168376098899
235,235,0.8865836008303687,0.0055999998003757,0.279197992431742,0.685081501323528,0.1918590059910696,0.4062864573361337
236,236,0.8754929508062241,0.0055999997987157,0.9685371374102468,0.7792154721148948,0.2323805454322904,0.3518179398655354
237,237,0.250578449653551,0.0055999998007658,3.1713828346398683,0.355610814316122,0.2227564320794572,0.2418126998338142
238,238,0.2914980671735815,0.00989999994621,0.914785119378312,0.2366470058831804,0.3280147077220408,0.3721666221373683
239,239,0.2597322287004779,0.0055999998005992,1.6124927983035722,0.3456033805829616,0.1509352496730578,0.1701843684568632
240,240,0.2597322287004779,0.0055999998005992,1.0341257586999464,0.3456033805829616,0.1509352496730578,0.3003518436684383
241,241,0.2012568236300875,0.0098999999456426,1.0181409443116134,0.2227286178924214,0.2340405893109936,0.4770014207745127
242,242,0.4978024495451024,0.0055999998023364,0.7385999741228626,0.5202508158608417,0.1188212682913517,0.1922263750457953
243,243,0.8456966328526676,0.0055999997989202,0.6983022043047643,0.7294481496325251,0.134058688469596,0.1937803424801388
244,244,0.8456966328526676,0.0055999997989202,1.3231603070861422,0.7294481496325251,0.134058688469596,0.2784039366888284
245,245,0.6388290199577976,0.0055999997997824,0.3353048498173204,0.6247319090335971,0.2397438733854771,0.4317098670658746
246,246,0.6388290199577976,0.0055999997997824,1.6945665676317374,0.6247319090335971,0.2397438733854771,0.3494375182353061
247,247,0.7236510271270881,0.0055999997997665,1.3218118478401937,0.6659622125263123,0.3139370113540947,0.3880204324319549
248,248,0.8835887587378282,0.0055999998009597,0.4685847864830508,0.8087559136734871,0.2683150769615069,0.6119769474110515
249,249,0.503777904705396,0.0055999998008811,1.3105744988406829,0.2896448732255864,0.1046443492988746,0.2398266144735623
250,250,0.503777904705396,0.0055999998008811,0.7486985735273884,0.2896448732255864,0.1046443492988746,0.3806897625357412
251,251,0.5034941106571994,0.0055999998009068,1.6162463640526052,0.4526464605030365,0.4527223654195172,0.4389337871532645
252,252,0.7110701728880509,0.0055999998007011,0.9705547700467768,0.6905440674847995,0.2043380472888273,0.1963136958849251
253,253,0.7110701728880509,0.0055999998007011,0.193734444471839,0.6905440674847995,0.2043380472888273,0.2958838579726755
254,254,0.130229485233601,0.0055999997985187,0.6390476752136582,0.2969194363826186,0.2049248262900663,0.2795723816160566
255,255,0.8250307111422029,0.0055999997988149,2.2388235093944413,0.7578618342956642,0.1892589108037193,0.174170306128329
256,256,0.8565660147692081,0.005599999800272,0.9045951150094176,0.8216953370819446,0.171949039356719,0.6440520197007198
257,257,0.2571511911444186,0.0055999998019293,1.5164715870317769,0.1150459873248411,0.1730556137363148,0.434147007493869
258,258,0.4622915320444296,0.0055999998001811,0.5561474917858958,0.4124552597463775,0.2669672279333873,0.2344801479676748
259,259,0.4622915320444296,0.0055999998001811,1.3158396609462883,0.4124552597463775,0.2669672279333873,0.3013552559068428
260,260,0.4622915320444296,0.0055999998001811,0.3894910008599777,0.4124552597463775,0.2669672279333873,0.2263910820055602
261,261,0.8098369706337802,0.0055999998001432,2.095095922421788,0.5284101551877652,0.4767350154796968,0.3357678677293196
262,262,0.8428337869977779,0.0055999997999125,2.24997267902518,0.7054343635521769,0.406463273454004,0.2485575989284496
263,263,0.3510397300469193,0.005599999802508,0.3601059550825891,0.2325468110525657,0.1558657955275083,0.3740315136009964
264,264,0.5207148149599682,0.009899999946306,0.8244172474042748,0.461662560486749,0.2650394254272951,0.4147555832776139
265,265,0.5207148149599682,0.009899999946306,0.4830056818645805,0.461662560486749,0.2650394254272951,0.3579354905220536
266,266,0.4263615534861946,0.0055999997996698,1.641442905172532,0.4581259759591199,0.1033097201698651,0.2360772531881226
267,267,0.4263615534861946,0.0055999997996698,1.155266271765606,0.4581259759591199,0.1033097201698651,0.4076578552851162
268,268,0.5889046154655618,0.0098999999465787,0.7909040348471515,0.5447265990690331,0.2061766202119179,0.3904605830086788
269,269,0.9993015731117478,0.0055999997990131,0.3336913911045289,0.72594146834333,0.5182332585411185,0.313224833005663
270,270,0.9993015731117478,0.0055999997990131,0.2586996457772388,0.72594146834333,0.5182332585411185,0.4272301471892235
271,271,0.1227181901454219,0.0055999997999362,0.2848951828633651,0.2562380721061372,0.1190517870471918,0.5414301514638405
272,272,0.5780173404618342,0.0055999997979376,0.3594768287332593,0.5885224399179967,0.1398453778441783,0.3073652655122493
273,273,0.4285744446421309,0.0055999997994443,2.4695699258202657,0.465725802309174,0.2705669646155336,0.1998483268427217
274,274,0.4285744446421309,0.0055999997994443,0.6006940968862873,0.465725802309174,0.2705669646155336,0.1637431362523999
275,275,0.4285744446421309,0.0055999997994443,2.376182378654748,0.465725802309174,0.2705669646155336,0.3462499559690197
276,276,1.4418823964504526,0.0055999997990627,1.967428417772057,0.8879980161131428,0.6203153535660115,0.2888624897370926
277,277,1.3984661570148142,0.005599999799561,0.2546901767939446,0.9323091079514496,0.2955688296140744,0.6790012548642997
278,278,0.8532877221758007,0.0055999997997863,0.7624023287948836,0.7903248234030251,0.2541541321277676,0.5582384074672968
279,279,0.7944384870358953,0.005599999800277,0.5865622869173094,0.631206588539894,0.4674116113472037,0.3293095747405058
280,280,0.7944384870358953,0.005599999800277,2.38687487639252,0.631206588539894,0.4674116113472037,0.2927841743364143
281,281,0.398886275446232,0.0055999998003662,2.3499408683443743,0.4479855838598594,0.2467807428037219,0.2233849774372172
282,282,0.2853506727473728,0.0055999997992461,1.8238469248394489,0.2403944370588135,0.1139521153129629,0.1900676533892873
283,283,0.2853506727473728,0.0055999997992461,2.1370101972677835,0.2403944370588135,0.1139521153129629,0.2203084842636107
284,284,0.6004860880972115,0.0098999999459165,0.5011036647544135,0.5484404285436916,0.2214277787837289,0.50668639750227
285,285,0.6004860880972115,0.0098999999459165,1.6555408464393653,0.5484404285436916,0.2214277787837289,0.2168128142381113
286,286,0.5416528559970385,0.0055999998002404,0.7652447514466806,0.5137773518309257,0.3747612550653365,0.5624220333092684
287,287,0.5604434717747303,0.0055999997995608,1.0597939299149777,0.4486765491571314,0.3419792748189503,0.3961471923093597
288,288,0.2996721312283427,0.0055999997999771,1.058819039303755,0.2874715722312393,0.5321266321004219,0.2999795231226603
289,289,1.052804370853942,0.0055999997998854,0.5267620873884247,0.7379069210196139,0.2286432162789225,0.3466111993458948
290,290,1.052804370853942,0.0055999997998854,1.4188107104052623,0.7379069210196139,0.2286432162789225,0.3567947933065143
291,291,1.2255775314296582,0.0055999998003117,1.9691648398082795,1.1311362819135922,0.1968348011952026,0.4941049418426881
292,292,1.2255775314296582,0.0055999998003117,1.7638949091830367,1.1311362819135922,0.1968348011952026,0.233424056460579
293,293,0.4338443665334188,0.0055999998004889,1.008157487409124,0.371749478765983,0.5153575668942452,0.2946502418323432
294,294,0.8183331041253582,0.0055999998008668,0.8583042549807677,0.6888902071221753,0.4051884051107172,0.2145759086113992
295,295,0.8183331041253582,0.0055999998008668,1.5633244231241492,0.6888902071221753,0.4051884051107172,0.6975313186888504
296,296,0.740806327845957,0.0055999997999093,0.9939954603454396,0.5580487990627381,0.1573435859950067,0.4574913412681033
297,297,0.740806327845957,0.0055999997999093,0.5228308846159645,0.5580487990627381,0.1573435859950067,0.4699909722408069
298,298,0.9598447277207492,0.0055999998000502,0.5118656671119519,0.7002001621641671,0.4262960007446738,0.4563456472972283
299,299,0.3295470289276076,0.005599999800527,0.1543244951719349,0.0069522000952737,0.2515018671159416,0.4784938144715464
300,300,1.194959837203699,0.0055999998014417,2.5905040607543475,0.9381798162642564,0.43316417726478,0.4552720324949969
301,301,0.7372450338714619,0.0055999997999846,1.4312557217782071,0.6620471926446553,0.3464577033802097,0.2523050257359936
302,302,0.3360240687761552,0.0055999997988471,0.8816890160983376,0.3972553530050491,0.1495209712278908,0.402541938421649
303,303,1.0521277955821835,0.0055999998005017,1.2430659100467545,0.1188613661097408,0.3137928498084871,0.2981605260609265
304,304,1.0521277955821835,0.0055999998005017,0.4632541341594657,0.1188613661097408,0.3137928498084871,0.290656446880302
305,305,0.6464751308331456,0.0055999997997814,0.9010085002568236,0.5628388580526756,0.4185368800836985,0.3988223938261561
306,306,0.7954512555368778,0.0055999998012038,1.2890789338573112,0.2920105523652373,0.3398975317568731,0.3174746655530276
307,307,0.7954512555368778,0.0055999998012038,0.6881511746278383,0.2920105523652373,0.3398975317568731,0.325029139603233
308,308,1.1060171711848348,0.0055999997999747,1.2123116165060517,0.78774032034994,0.1679860992635391,0.2669558775894403
309,309,1.1060171711848348,0.0055999997999747,0.6367383083413627,0.78774032034994,0.1679860992635391,0.3871002215718429
310,310,1.1060171711848348,0.0055999997999747,2.246286550325688,0.78774032034994,0.1679860992635391,0.2449453794973122
311,311,0.7414608009217657,0.0055999998012782,0.4459908094717188,0.6115908177697938,0.3211744832573797,0.414476599202462
312,312,1.0266545561370417,0.0055999997999994,0.2161385865185345,0.5577674990573834,0.248808805004585,0.412924426843114
313,313,1.0266545561370417,0.0055999997999994,0.5659869835567208,0.5577674990573834,0.248808805004585,0.4153674329423182
314,314,0.4504842583616683,0.0055999997997343,2.802472059262876,0.4806949025714822,0.1183499566306291,0.153159051919489
315,315,0.3526421735825825,0.005599999799238,0.550241832387146,0.3089545088177472,0.2944948109010181,0.6640836632449667
316,316,0.6927199165463128,0.0055999997987802,0.4265653063800381,0.6031725114957525,0.1291503336138239,0.2962472179436068
317,317,1.3194635004567574,0.005599999800044,2.269790840873072,1.0356625304828335,0.4254965069150392,0.2895357581386951
318,318,0.3347724932978557,0.0055999998007587,1.1397765087923326,0.2864025374156977,0.3077346003078766,0.7329998955267106
319,319,0.480974505685617,0.00559999979994,0.8312704339093224,0.4799564497544109,0.3590806855434514,0.390956918361684
320,320,0.3469735046262352,0.005599999800558,0.0942514781065832,0.3380328250299035,0.2191955950812451,0.3346887236081235
321,321,0.1637579025402334,0.0055999998003442,0.673771904379802,0.241133502405539,0.2302047228515364,0.4672366569859722
322,322,0.4446251192265205,0.0055999997999939,0.614478039054279,0.4812014897246238,0.1773668668036194,0.7974288081920515
323,323,0.9095016579574376,0.0055999998005843,2.9333173070436414,0.8437069742107931,0.2354794731320754,0.2598874681475127
324,324,0.5293551837063358,0.0098999999462107,1.4374867406527343,0.483278418248066,0.2332421883434067,0.2759081296502061
325,325,0.9963574617299514,0.0055999998001927,0.2868962890482965,0.6717120689507649,0.5701273146635608,0.3624374927225023
326,326,0.4934999776000374,0.0055999997995484,0.3927675374169459,0.2552053792267996,0.1399062592626197,0.4342829138903035
327,327,0.5892248081333592,0.0098999999466859,1.5223957004163935,0.5552361743231177,0.1780297495282237,0.3857871494867435
328,328,0.1515690881684679,0.0055999997998932,0.5987250080380773,0.0528338223822533,0.2126298108832029,0.4813095328060753
329,329,0.6269799545307985,0.005599999802051,0.30383803925635,0.6310415671269397,0.1264417022499979,0.42842490166812
330,330,0.6269799545307985,0.005599999802051,2.5181651870468724,0.6310415671269397,0.1264417022499979,0.4216807084278543
331,331,1.2161900707460962,0.0055999997995385,0.7223583344970063,1.1209147421333294,0.2004750022974312,0.4904286049514395
332,332,0.0570627339269906,0.0098999999464543,1.3488868053236651,0.0311581468866328,0.3125971855129026,0.3274885443634703
333,333,0.2208319754523253,0.0055999998010507,1.6847054913008417,0.3396754151652845,0.3424254968024397,0.3173293403067359
334,334,0.4573267044032538,0.0055999997997962,1.7043034423565655,0.397697975740244,0.2877878425347062,0.2660392131658849
335,335,0.7031722027112077,0.0098999999464357,1.5597396737186184,0.6097142842560543,0.2730386941415782,0.393280361373046
336,336,0.6877033033726483,0.005599999800158,2.020905089623809,0.6607132422224131,0.248133163656557,0.3778864494955528
337,337,0.6394072130986933,0.0055999997997774,0.2241609691682576,0.6226650062561739,0.2502965748511755,0.5884559961392782
338,338,0.0804055802666554,0.0098999999454453,1.0685071749592452,0.133169539152977,0.1696287452082782,0.2585956050723744
339,339,0.6591667422291078,0.005599999800518,0.5916210276231765,0.6179350128070482,0.1741314678386638,0.511673338185357
340,340,0.6316697810848392,0.005599999800614,0.4041189334387053,0.6040006728801223,0.2965754708757964,0.4500065904049939
341,341,0.5872728065464033,0.0055999997970455,0.6895533482582286,0.5926031146849474,0.1892389389367051,0.2505678451861111
342,342,0.5872728065464033,0.0055999997970455,1.1038250517678685,0.5926031146849474,0.1892389389367051,0.1746798958140485
343,343,0.9771256496464495,0.005599999800728,0.9788898777593326,0.906705252599534,0.1631715380849244,0.4150882897833414
344,344,0.2202239617244513,0.0055999998010229,0.8936976962000651,0.2087777178051057,0.2884170117634843,0.3749776227397182
345,345,0.2202239617244513,0.0055999998010229,2.099933345419498,0.2087777178051057,0.2884170117634843,0.2439346654657941
346,346,0.3654635363884077,0.0055999998016215,1.0058939315812463,0.17659051542322,0.1190399387455827,0.5902510925349408
347,347,0.7732694472416397,0.0055999998000143,0.5594790042518647,0.6728851006094828,0.2422996565136106,0.4699259154058779
348,348,0.4029023322686518,0.0055999998008148,1.3972530641989285,0.4304573618878115,0.3624542461232404,0.2994791518948591
349,349,0.2791868052116489,0.005599999800225,0.9208048306050612,0.3645742340632157,0.1764242809781881,0.299842901428753
350,350,0.2791868052116489,0.005599999800225,1.158861965189359,0.3645742340632157,0.1764242809781881,0.3923431212101512
351,351,0.3035410804892372,0.0055999998002064,0.020445764615495,0.3812201663285905,0.1818513992892253,0.3000271333540307
352,352,0.2178237868903668,0.0055999998009433,0.6703286658654517,0.2208304586230802,0.2744163916747939,0.2345685779979915
353,353,0.2178237868903668,0.0055999998009433,1.6814627113852905,0.2208304586230802,0.2744163916747939,0.4187306193746646
354,354,0.423012995108545,0.1990000009537982,3.5955781770337927,0.4386172778019637,0.1104949406452758,0.1670373799535552
355,355,0.0519897354249513,0.00989999994599,1.1490652196031168,0.1297671281500081,0.2592779035662438,0.3085429501048662
356,356,0.0519897354249513,0.00989999994599,1.082884603394559,0.1297671281500081,0.2592779035662438,0.3019998942565799
357,357,0.2857783937330867,0.0055999998007677,0.2884601964291662,0.3402335982689664,0.0885025883720774,0.3501795485051288
358,358,0.2857783937330867,0.0055999998007677,1.3018697158912045,0.3402335982689664,0.0885025883720774,0.3470998968282263
359,359,0.1958946411437166,0.0055999998019244,1.7558944958093277,0.3068266022673701,0.1484865833179745,0.2275666934477837
360,360,0.0446303851738834,0.005599999799813,0.5257176510070612,0.2221742539869822,0.1153126599861202,0.4766173648530982
361,361,0.0446303851738834,0.005599999799813,2.060877800355594,0.2221742539869822,0.1153126599861202,0.2026937790791791
362,362,0.7033831932732203,0.0055999998000092,0.0916350882938882,0.4851737432524738,0.2101971089843227,0.6644873444443383
363,363,0.7033831932732203,0.0055999998000092,0.6295849733604302,0.4851737432524738,0.2101971089843227,0.2145093484767213
364,364,0.6634064895551232,0.0055999998000038,0.304161578425441,0.6372533804812823,0.2647729622048322,0.6372877332793091
365,365,0.5709869997479138,0.0055999998003166,0.4731362054154378,0.5241642106476155,0.2193445005670292,0.4835375330347953
366,366,0.5067259494609884,0.0055999998000242,0.6114621373990676,0.5135275230129733,0.3009964897685121,0.4592967529715923
367,367,0.7214591307198481,0.0055999998010632,0.1667961015436977,0.6187513912115027,0.1364307911155858,0.410503332300118
368,368,0.7214591307198481,0.0055999998010632,2.1087937826957,0.6187513912115027,0.1364307911155858,0.1650249937311805
369,369,0.9037317333769872,0.0098999999451523,0.8601908670248359,0.8588396389152659,0.1236080495918481,0.2989046209010289
370,370,0.3463262950364951,0.0055999998005459,0.4013248702310494,0.3412549528874857,0.2071584748648988,0.4042796151501842
371,371,0.1963270518354684,0.0055999997998686,1.4676288576532175,0.2359924705192496,0.1533677277881543,0.2320053155301723
372,372,0.0151624374038872,0.0055999998002446,1.0145759698054504,0.2288549569747116,0.1184303767111603,0.1877591839531478
373,373,0.6083843874946036,0.0055999997997169,0.6289269114433449,0.6132976072791005,0.1542154999866815,0.4352245552634645
374,374,0.71467008763385,0.0055999998003389,1.0239450637416123,0.6058605376938562,0.295853400537632,0.3881786106398889
375,375,0.372847149383489,0.0055999997990658,1.8097057217442645,0.4107348549735814,0.0912235766799537,0.5514153719960408
376,376,0.2588236076046388,0.0055999998008148,1.517009528475627,0.1864446162620716,0.2757001893946219,0.2320335035328091
377,377,0.5966775718340239,0.0055999998004579,1.1340125664652168,0.5535851952121592,0.2005700439950423,0.3350622604747191
378,378,0.5966775718340239,0.0055999998004579,1.705463778465897,0.5535851952121592,0.2005700439950423,0.279331278617729
379,379,0.5002774395909148,0.0055999997992603,0.970273778217458,0.5239809965858515,0.1473254689528312,0.2116303889588696
380,380,0.7691284777074977,0.199000000953693,0.830720665499328,0.5488435611372751,0.1364421850998412,0.2688017452439429
381,381,0.7691284777074977,0.199000000953693,0.6486395700055355,0.5488435611372751,0.1364421850998412,0.3051085810751711
382,382,0.3692546356636914,0.0055999997966638,2.1680983059876247,0.3763513866387105,0.1185711245707805,0.2222708940886286
383,383,0.3692546356636914,0.0055999997966638,1.843509936326712,0.3763513866387105,0.1185711245707805,0.222728595835344
384,384,0.3339784596705853,0.0098999999463469,0.9751184724646904,0.2023643791122813,0.3987174658106538,0.4203932034713687
385,385,0.7960064403033643,0.0098999999462864,2.7417133289090603,0.5832187509022339,0.4125193192710657,0.2686124882801769
386,386,0.5241881068332225,0.0098999999463354,1.8016504917688168,0.5105322673770768,0.1328246536730309,0.3594781082507041
387,387,0.8509273622067303,0.0098999999456908,3.8494271938363633,0.7939269820299029,0.1614119543707995,0.1634420397468082
388,388,0.68942124323614,0.0055999998006102,2.0984946029045477,0.1283958954536598,0.1020561751160377,0.3170409174219938
389,389,0.5316015423726688,0.0098999999462675,2.000841818015215,0.2574109197560823,0.1015451260336628,0.239446729549597
390,390,0.5316015423726688,0.0098999999462675,2.3814278133916957,0.2574109197560823,0.1015451260336628,0.3705945130320608
391,391,0.5316015423726688,0.0098999999462675,2.236786349719402,0.2574109197560823,0.1015451260336628,0.1993840581867651
392,392,0.2394972020311547,0.0055999997996681,1.3938253027583047,0.1628429290270355,0.1947807815084087,0.2340499860320686
393,393,0.1538070848432705,0.0055999998008555,2.690650956369628,0.2891523655483823,0.1563677993929462,0.1884998093581555
394,394,0.1538070848432705,0.0055999998008555,0.6724777946062604,0.2891523655483823,0.1563677993929462,0.4070505882185281
395,395,0.5354895351175175,0.0055999997998061,0.4257091584842226,0.3523213682551775,0.0881454204335483,0.4494194503459333
396,396,0.2347931703612039,0.0055999998003464,0.918681486069902,0.3370993070592651,0.1737901221263867,0.5675945334005293
397,397,0.7879012163614643,0.0055999998008349,1.0035130261562233,0.2645254094579744,0.2070001631582693,0.3475079947012633
398,398,0.1926030706527043,0.0055999998006174,0.7003651810028262,0.2142734869501897,0.4526493538638931,0.4789691573798639
399,399,0.8409042336287512,0.0055999997998187,0.8525679108865244,0.7188605247227138,0.3818775907683576,0.3932134578294906
400,400,0.3704140215000259,0.0098999999462331,0.6100827911935337,0.3569774233259446,0.2190592399969233,0.4339248467582179
401,401,0.2360063734065683,0.0055999998003408,1.0728184866196864,0.2480755512430176,0.5432087424665315,0.2247005649641519
402,402,0.5253484911461818,0.0055999998002584,0.940198551144814,0.5394013565809107,0.2320850429481097,0.4933700773077562
403,403,0.6457784116035276,0.0055999997985324,2.4947287931037487,0.6321982004644259,0.2306955227977024,0.2880571953644456
404,404,0.3544052515475007,0.0055999998004703,0.694206107320537,0.4134116343880734,0.165673668297642,0.4914810680848812
405,405,0.0990999837102931,0.0055999998006921,0.4370393698646815,0.296801828852306,0.3619633291270963,0.664758311865356
406,406,0.1910343630285457,0.0055999998015114,1.2901276644452966,0.1946231359539317,0.1736040868970026,0.2515648726139682
407,407,0.3254185637335648,0.0055999998007736,1.2359428132149737,0.3887811959369326,0.1457602765459868,0.2275429977514988
408,408,0.5870493542577089,0.0055999997998755,0.5011126233706155,0.5860287976935485,0.233265674256175,0.2383723499048844
409,409,0.5870493542577089,0.0055999997998755,0.8684397443873867,0.5860287976935485,0.233265674256175,0.3114625011575515
410,410,0.442246265861932,0.0055999998000416,1.0346147799391312,0.3895956823079058,0.4968208466177786,0.3615079604835379
411,411,0.0932260558334591,0.0098999999461578,0.5358299808212037,0.1744042567394253,0.1546006990580892,0.445017156303828
412,412,0.1799547179071196,0.0098999999463793,2.0692913525844023,0.2218624491690603,0.1047167039971666,0.2144834168440914
413,413,0.8716813634111739,0.0098999999460537,0.3350381524467554,0.8053841584984686,0.1765034058143257,0.411146685147695
414,414,0.6852529375088613,0.0055999998004802,0.8001774743758937,0.5477622179392662,0.4836050914526391,0.4373060228606154
415,415,0.2623171873749805,0.0055999997986241,0.50262235770163,0.3599825446816727,0.333801475740877,0.457926091096695
416,416,0.948976287201824,0.0055999997998557,0.6784339582298763,0.7754830875346619,0.4148580243768714,0.5187615786546933
417,417,0.319445866345982,0.0055999998003507,0.9355477617448816,0.396069775317695,0.2823059263996971,0.4575988353061774
418,418,0.9444320485468904,0.0055999998011543,0.3655219593797403,0.8887512604290715,0.1963436609481722,0.677249566439618
419,419,0.3470519792209834,0.0055999997991655,0.0975609730408514,0.4037001896265966,0.1420342287322929,0.5465124528146194
420,420,0.3260857027305663,0.0055999998005435,0.7475388465023018,0.3931999151551779,0.1642886706062923,0.5262553948862873
421,421,0.3260857027305663,0.0055999998005435,1.821862497030474,0.3931999151551779,0.1642886706062923,0.2087434592927778
422,422,0.3324614038516086,0.0055999998003571,1.5832037286806104,0.3440988263236854,0.1298794620842034,0.1958100777026938
423,423,0.3324614038516086,0.0055999998003571,1.1735111930560946,0.3440988263236854,0.1298794620842034,0.2034783862344708
424,424,0.5144805748772955,0.0055999998009461,1.0098965006920966,0.4937014029159856,0.3806338905421562,0.220779628461131
425,425,0.1029571584606548,0.0055999998006264,0.3630188815971816,0.298568700590664,0.3567239966714122,0.4419704245743013
426,426,0.735193591172102,0.0055999998005327,0.7926798935558496,0.7193041063450762,0.1644793345038685,0.366879680839871
427,427,0.4523654598416013,0.005599999798691,0.5445843130761534,0.4367336563259223,0.1796286357311047,0.4628008900940918
428,428,0.4523654598416013,0.005599999798691,2.8876858513844166,0.4367336563259223,0.1796286357311047,0.2756611551272811
429,429,0.5363152380476266,0.0055999998001415,0.67202733239035,0.1773456168958369,0.1909963140726142,0.5070409347881191
430,430,0.5962888591087737,0.0055999998025916,0.454015907655408,0.6041089654647427,0.1372526072694093,0.2978669457394402
431,431,0.5962888591087737,0.0055999998025916,2.570005522087948,0.6041089654647427,0.1372526072694093,0.2256306274126596
432,432,0.5962888591087737,0.0055999998025916,0.5396361896125363,0.6041089654647427,0.1372526072694093,0.2012215758887598
433,433,0.2695268426222464,0.0055999997992559,1.0068630102390428,0.2912636383722028,0.1485362981544899,0.3773639920588078
434,434,0.2695268426222464,0.0055999997992559,1.0187370386362786,0.2912636383722028,0.1485362981544899,0.4496499405716813
435,435,1.1235109947167066,0.005599999799935,1.7004850301437633,0.8823315433571809,0.4383840202349624,0.1994954627736763
436,436,1.1235109947167066,0.005599999799935,0.2226280010444667,0.8823315433571809,0.4383840202349624,0.2907814927361821
437,437,0.3466856065449488,0.0055999998000826,1.1388010809266804,0.4134111532106129,0.2645983466561958,0.3248809176144708
438,438,0.3466856065449488,0.0055999998000826,0.7364769228316108,0.4134111532106129,0.2645983466561958,0.3886066365191901
439,439,0.1872160052934222,0.0055999998001172,1.837534542008583,0.3240412848195215,0.2238746689833557,0.2940407760459325
440,440,0.4370752807376993,0.0055999998001427,0.7101884553178217,0.043952031990578,0.1173427591628537,0.5282892670917421
441,441,0.8753277682787255,0.0098999999462612,0.6848941965222777,0.6480361175725814,0.4109936084535036,0.5479008299432451
442,442,0.7482940103026291,0.0098999999459682,1.1183963468638485,0.6777919373028489,0.2162971155244682,0.4521152685875271
443,443,0.7853386760228358,0.0055999998006828,1.1841928205877863,0.4789438189727896,0.1347645632529422,0.4816509003186485
444,444,0.6563401605988375,0.0055999998005124,1.577595755043634,0.5186260400677868,0.4983386174049785,0.4677665113274788
445,445,0.8699512454997642,0.0055999997988967,0.3103472312651003,0.8397435308724281,0.1500404377825466,0.3984206976580843
446,446,0.9696121695708004,0.0098999999458729,0.9722681522329216,0.7875954450193509,0.3364099976855751,0.3092319705065049
447,447,0.8039210580982129,0.005599999800044,0.5805191243830784,0.6474642779266144,0.3427268864468931,0.2982899927742937
448,448,0.3040151750909376,0.0055999998000329,0.6195321655012912,0.0219874943984854,0.202397740907639,0.2897412580100652
449,449,0.6025580337367282,0.005599999801407,1.152059166634817,0.6026925098409955,0.2054581936124891,0.3098966114986905
450,450,0.5192036314734434,0.005599999799365,0.2333333157537896,0.4766290807225961,0.2598076532847527,0.4503177511846927
451,451,0.5252976117987673,0.0055999997997781,0.1821917839064142,0.4809716126085757,0.424700377700151,0.3829110545867133
452,452,0.6405503705301607,0.0055999997987614,0.3149777702137596,0.5949810265510052,0.3405657660287474,0.2897780272681338
453,453,0.6405503705301607,0.0055999997987614,1.7290941012796948,0.5949810265510052,0.3405657660287474,0.2770629001038563
454,454,0.6641604205169226,0.005599999799769,0.5082177298756142,0.5924631333354107,0.1580337064718022,0.540702386563499
455,455,1.1088935918602685,0.0055999998008495,1.9853084960821523,0.4724787993584563,0.2316632823375555,0.494705334117444
456,456,1.1088935918602685,0.0055999998008495,0.9004795284405042,0.4724787993584563,0.2316632823375555,0.6811979136554006
457,457,0.7611650209483208,0.005599999800334,0.6363478647772072,0.4085295972760528,0.1453931976277026,0.5644831765345274
458,458,0.203466966178315,0.0055999997997491,0.4987825418821692,0.3186735842851221,0.1701013237588229,0.7279270008925361
459,459,0.4432862901402117,0.0055999998007132,0.4398813301725706,0.4797394171715797,0.2274075708273017,0.6625436271404257
460,460,0.3618245490330386,0.0055999997986408,1.0142380795156205,0.4202214282743368,0.1769384072336012,0.7279875977108821
461,461,0.5615430205905746,0.0055999997993208,0.5151845990052437,0.1927367049137223,0.1634177029791892,0.3921947460623859
462,462,0.5615430205905746,0.0055999997993208,0.773540788038979,0.1927367049137223,0.1634177029791892,0.2037047880504479
463,463,0.2348334049828775,0.0055999997986872,1.1613954560463835,0.2026330151893533,0.258094437161794,0.291391879802577
464,464,0.4818106367209609,0.0055999998011543,0.7774509451966404,0.5093744662779616,0.1995677671023881,0.3755650222614348
465,465,0.4818106367209609,0.0055999998011543,1.623631042259032,0.5093744662779616,0.1995677671023881,0.226348673176787
466,466,0.2151661759215523,0.005599999799207,2.2494582442449595,0.3352404728236395,0.2117822123136347,0.2018598233759932
467,467,0.2151661759215523,0.005599999799207,1.188185516540566,0.3352404728236395,0.2117822123136347,0.3040279920838353
468,468,0.2273232806390751,0.0055999998003997,0.8552406606053504,0.3287873823994089,0.400035716238745,0.4479509026763204
469,469,0.6040245111416191,0.0055999997994988,2.1508195277218265,0.6102747552417978,0.1451318780235041,0.2272034712195822
470,470,1.0272362525908605,0.0055999997989437,0.3374528592979048,0.9661753065288076,0.1815810672558561,0.5766483702776445
471,471,0.5707727318662497,0.0055999998003322,1.616502908197595,0.5824653599713407,0.1365939999738813,0.2231839320480558
472,472,0.38956882528888,0.0098999999463887,1.1981947152891848,0.2505291893780026,0.4028257299526591,0.3267173780412933
473,473,0.8801840848146586,0.0055999997993402,1.3191036305747437,0.7155795483040603,0.4309922831275802,0.3989991571038495
474,474,0.8801840848146586,0.0055999997993402,0.8907065493395991,0.7155795483040603,0.4309922831275802,0.3812303188397098
475,475,0.8854131158836409,0.005599999800505,1.115156407123401,0.796669835522584,0.2977133781564071,0.2547478804981293
476,476,0.9839797000455264,0.0098999999461252,0.4158056459359489,0.834126040726836,0.2903920688484544,0.6066806148684718
477,477,0.0332959491632199,0.0055999998013079,0.6291734596707055,0.2908991075417882,0.2866768948437062,0.3445397896171053
478,478,0.9104091133984628,0.0055999998004449,0.9471370064010208,0.755946321921791,0.3139639554123506,0.4976689433292035
479,479,0.1103856206354469,0.0055999998005843,1.0657489764065085,0.1786858493735265,0.1145716038622219,0.2220016073346216
480,480,0.5337985871844237,0.0055999997998272,1.9383195046392936,0.4983065999715809,0.2042368900422248,0.4160906806589544
481,481,0.5337985871844237,0.0055999997998272,1.953497447739396,0.4983065999715809,0.2042368900422248,0.2644662196496175
482,482,1.010445336859212,0.005599999799712,1.7751355116347114,0.8424927764769784,0.1693933034720695,0.2699675171897527
483,483,0.8944398347984699,0.0055999998012683,0.597352625816057,0.7983485990022343,0.3086859529605125,0.7760599163712457
484,484,0.0563659419208456,0.0055999998003478,1.080434644993132,0.258109563240691,0.4437485572753155,0.3641585185183371
485,485,0.5421101901799331,0.0055999997996692,1.0194314564665248,0.5582497616444865,0.1543652802659747,0.4677409389634572
486,486,1.1641072061146926,0.0055999997989462,1.0657099144774518,0.6164110576470978,0.6077173024638173,0.4654433737017994
487,487,0.152567285926485,0.009899999946465,0.4701177545872282,0.0471598450130295,0.1330089211427015,0.3201742525586859
488,488,0.152567285926485,0.009899999946465,1.8107495508636,0.0471598450130295,0.1330089211427015,0.2596759010215583
489,489,0.6461809038879485,0.005599999798287,2.004424152938526,0.5499714783653948,0.29423263382317,0.1630491089915078
490,490,0.6461809038879485,0.005599999798287,2.4942015483590243,0.5499714783653948,0.29423263382317,0.1734745952082129
491,491,0.1093122113391611,0.0055999997999028,1.0025775664644825,0.1817747262217344,0.1682573950123011,0.2099701483501523
492,492,0.318608267503822,0.0098999999461021,0.7760469399015762,0.3030539241305821,0.2524011842640753,0.4841622775620269
493,493,0.318608267503822,0.0098999999461021,1.284052096133519,0.3030539241305821,0.2524011842640753,0.2657001606591316
494,494,0.9651212371222584,0.0055999998000169,0.2379553926285093,0.2304845522975965,0.2910100010174286,0.2754849827101986
495,495,0.9651212371222584,0.0055999998000169,1.4727840540554344,0.2304845522975965,0.2910100010174286,0.2709881978811176
496,496,0.4299785543194767,0.0055999998004964,1.6877899542065602,0.4410504618950434,0.3798039447615254,0.2504012477323203
497,497,0.7361268447382228,0.0055999997972437,2.371297094972796,0.7128451485334373,0.1973557671886768,0.1965255293880912
498,498,0.7361268447382228,0.0055999997972437,2.1952577977869008,0.7128451485334373,0.1973557671886768,0.3024226747655243
499,499,0.963968454886578,0.009899999946428,0.7332512620712778,0.7596011984392316,0.3649644181651055,0.4071578051578123
